{"cameraMode":{"drawMode":0,"name":"Shaded","section":"Shading Mode"},"sceneLighting":true,"audioPlay":false,"sceneViewState":{"m_AlwaysRefresh":false,"showFog":true,"showSkybox":true,"showFlares":true,"showImageEffects":true,"showParticleSystems":true,"showVisualEffectGraphs":true,"m_FxEnabled":true},"in2DMode":false,"pivot":{"x":443.5989685058594,"y":273.1614685058594,"z":-455.42938232421877},"rotation":{"x":-0.04979066550731659,"y":-0.00027747798594646156,"z":0.000015702235032222234,"w":-0.9987928867340088},"size":0.8660253882408142,"orthographic":false}