{"cameraMode":{"drawMode":0,"name":"Shaded","section":"Shading Mode"},"sceneLighting":true,"audioPlay":false,"sceneViewState":{"m_AlwaysRefresh":false,"showFog":true,"showSkybox":true,"showFlares":true,"showImageEffects":true,"showParticleSystems":true,"showVisualEffectGraphs":true,"m_FxEnabled":true},"in2DMode":false,"pivot":{"x":-7.058514595031738,"y":-13.013004302978516,"z":26.99388313293457},"rotation":{"x":-0.19216404855251313,"y":0.12650366127490998,"z":-0.025029491633176805,"w":-0.9729228615760803},"size":19.88604164123535,"orthographic":false}